{
    "builtin_metrics": {
        "CO2": 2295.593604156307,
        "GEC": 0.8796653810326303,
        "APCr": 0.5343182764215224,
        "CUE": 23.615181940324415
    },
    "domain": [{
        "name": "Total Energy Use (MWh)",
        "value": 64.86001774183482
    }]
}