{"builtin_metrics": {"CO2": 9671.213294422976, "GEC": 0.10058355730685037, "APCr": 0.6201827824448525, "CUE": 99.48755067781893, "PUE": 1.5}, "domain": [{"name": "Total Energy Use (MWh)", "value": 64.86001774183482}, {"name": "Job Success Ratio (%)", "value": 98.96}]}