{"builtin_metrics": {"CO2": 8517.47329532047, "GEC": 0.8796653810326303, "APCr": 0.5343182764215224, "CUE": 87.61010890606097}, "domain": [{"name": "Total Energy Use (MWh)", "value": 64.86001774183482}]}